{
  "happy": 24473.378450006297,
  "total_pets": 133,
  "pet_power": 10.5,
  "pps": 27.2,
  "owned": {
    "toy": 1,
    "feeder": 2,
    "tower": 2,
    "petting": 6
  },
  "playtime_sec": 14329,
  "last_played_at": 1760419302.1214838,
  "combo": 32,
  "last_click_time": 1760418400.641946,
  "skill_cd": 0.0,
  "skill_rem": 0.0,
  "level": 8,
  "exp": 26.31750000000002,
  "next_exp": 91,
  "achievements": [
    "lv_5",
    "pps_10",
    "pets_100",
    "happy_1k"
  ]
}